timezone,temp,humidity,description
2025-02-19 05:40:43,0.76,29,clear sky
2025-02-19 05:41:41,0.76,29,clear sky
2025-02-19 05:49:53,0.76,29,clear sky
2025-02-19 05:57:37,0.76,29,clear sky
2025-02-19 06:42:37,1.76,25,clear sky
2025-02-19 06:50:32,1.76,25,clear sky
2025-02-19 06:58:44,1.76,25,clear sky
2025-02-19 07:27:29,0.76,25,clear sky
2025-02-19 07:38:42,0.76,25,clear sky
2025-02-19 07:46:43,0.76,25,clear sky
2025-02-19 07:54:27,0.76,25,clear sky
2025-02-19 08:39:13,0.76,29,clear sky
2025-02-19 08:51:12,0.76,29,clear sky
2025-02-19 08:58:59,0.76,29,clear sky
2025-02-19 09:31:18,-1.24,29,clear sky
2025-02-19 09:41:20,-1.24,29,clear sky
2025-02-19 09:49:10,-1.24,29,clear sky
2025-02-19 09:57:20,-1.24,29,clear sky
2025-02-19 10:38:20,-3.24,39,clear sky
2025-02-19 10:46:26,-3.24,39,clear sky
2025-02-19 10:54:30,-3.24,39,clear sky
2025-02-19 11:23:05,-3.24,43,clear sky
2025-02-19 11:36:06,-3.24,43,clear sky
2025-02-19 11:44:16,-3.24,43,clear sky
2025-02-19 11:52:25,-3.24,43,clear sky
2025-02-19 12:00:27,-3.24,43,clear sky
2025-02-19 13:03:12,-4.24,50,clear sky
2025-02-19 13:35:47,-5.24,50,clear sky
2025-02-19 13:43:32,-5.24,50,clear sky
2025-02-19 13:51:35,-5.24,50,clear sky
2025-02-19 13:59:24,-5.24,50,clear sky
2025-02-19 14:36:53,-5.24,54,clear sky
2025-02-19 14:45:19,-5.24,54,clear sky
2025-02-19 14:53:10,-5.24,54,clear sky
2025-02-19 15:31:31,-6.24,58,clear sky
2025-02-19 15:41:37,-6.24,58,clear sky
2025-02-19 15:49:49,-6.24,58,clear sky
2025-02-19 15:57:52,-6.24,58,clear sky
2025-02-19 16:41:40,-6.24,58,clear sky
2025-02-19 16:52:23,-6.24,58,clear sky
2025-02-19 17:00:31,-6.24,58,clear sky
2025-02-19 17:31:56,-8.24,62,clear sky
2025-02-19 17:41:13,-8.24,62,clear sky
2025-02-19 17:49:21,-8.24,62,clear sky
2025-02-19 17:57:12,-8.24,62,clear sky
2025-02-19 18:42:06,-8.24,67,clear sky
2025-02-19 18:50:26,-8.24,67,clear sky
2025-02-19 18:58:11,-8.24,67,clear sky
2025-02-19 19:20:07,-3.86,41,clear sky
2025-02-19 19:27:55,-9.24,73,clear sky
2025-02-19 19:38:14,-9.24,73,clear sky
2025-02-19 19:46:30,-9.24,73,clear sky
2025-02-19 19:54:32,-9.24,73,clear sky
2025-02-19 20:31:10,-10.24,85,clear sky
2025-02-19 20:41:30,-10.24,85,clear sky
2025-02-19 20:49:23,-10.24,85,clear sky
2025-02-19 20:57:13,-10.24,85,clear sky
2025-02-19 21:25:51,-10.24,85,clear sky
2025-02-19 21:36:51,-10.24,85,clear sky
2025-02-19 21:44:36,-10.24,85,clear sky
2025-02-19 21:52:53,-10.24,85,clear sky
2025-02-19 22:29:58,-8.24,73,clear sky
2025-02-19 22:40:47,-8.24,73,clear sky
2025-02-19 22:48:43,-8.24,73,clear sky
2025-02-19 22:56:21,-8.24,73,clear sky
2025-02-19 23:26:39,-7.24,73,clear sky
2025-02-19 23:38:45,-7.24,73,clear sky
2025-02-19 23:46:55,-7.24,73,clear sky
2025-02-19 23:54:36,-7.24,73,clear sky
2025-02-20 02:43:18,-0.24,32,clear sky
2025-02-20 03:36:18,0.76,29,clear sky
2025-02-20 03:46:53,0.76,29,clear sky
2025-02-20 03:54:35,0.76,29,clear sky
2025-02-20 04:36:08,0.76,29,clear sky
2025-02-20 04:45:20,0.76,29,clear sky
2025-02-20 04:53:27,0.76,29,clear sky
2025-02-20 05:32:22,1.76,27,clear sky
2025-02-20 05:41:52,1.76,27,clear sky
2025-02-20 05:50:02,1.76,27,clear sky
2025-02-20 05:57:49,1.76,27,clear sky
2025-02-20 06:42:36,1.76,27,clear sky
2025-02-20 06:50:46,1.76,27,clear sky
2025-02-20 06:58:59,1.76,27,clear sky
2025-02-20 07:26:25,1.76,27,clear sky
2025-02-20 07:37:13,1.76,27,clear sky
2025-02-20 07:44:58,1.76,27,clear sky
2025-02-20 07:53:13,1.76,27,clear sky
2025-02-20 08:39:06,0.76,23,clear sky
2025-02-20 08:50:25,0.76,23,clear sky
2025-02-20 08:58:22,0.76,23,clear sky
2025-02-20 09:30:58,-1.24,29,clear sky
2025-02-20 09:41:59,-1.24,29,clear sky
2025-02-20 09:49:53,-1.24,29,clear sky
2025-02-20 09:57:54,-1.24,29,clear sky
2025-02-20 10:38:41,-2.24,34,clear sky
2025-02-20 10:46:30,-2.24,34,clear sky
2025-02-20 10:54:44,-2.24,34,clear sky
2025-02-20 11:23:30,-3.24,36,clear sky
2025-02-20 11:36:43,-3.24,36,clear sky
2025-02-20 11:44:57,-3.24,36,clear sky
2025-02-20 11:52:54,-3.24,36,clear sky
2025-02-20 13:03:43,-4.24,39,clear sky
2025-02-20 13:37:07,-5.24,50,clear sky
2025-02-20 13:44:56,-5.24,50,clear sky
2025-02-20 13:52:59,-5.24,50,clear sky
2025-02-20 14:35:33,-5.24,54,clear sky
2025-02-20 14:45:00,-5.24,54,clear sky
2025-02-20 14:52:56,-5.24,54,clear sky
2025-02-20 15:32:47,-6.24,58,clear sky
2025-02-20 15:44:15,-6.24,58,clear sky
2025-02-20 15:52:12,-6.24,58,clear sky
2025-02-20 15:59:55,-6.24,58,clear sky
2025-02-20 16:45:30,-7.24,63,clear sky
2025-02-20 16:55:09,-7.24,63,clear sky
2025-02-20 17:28:53,-6.24,63,clear sky
2025-02-20 17:40:40,-6.24,63,clear sky
2025-02-20 17:48:42,-6.24,63,clear sky
2025-02-20 17:56:51,-6.24,63,clear sky
2025-02-20 18:42:22,-7.24,63,clear sky
2025-02-20 18:50:56,-7.24,63,clear sky
2025-02-20 18:58:46,-7.24,63,clear sky
2025-02-20 19:22:17,-9.24,62,clear sky
2025-02-20 19:30:11,-9.24,62,clear sky
2025-02-20 19:39:06,-9.24,62,clear sky
2025-02-20 19:47:02,-9.24,62,clear sky
2025-02-20 19:54:46,-9.24,62,clear sky
2025-02-20 21:26:47,-10.24,79,clear sky
2025-02-20 21:36:46,-10.24,79,clear sky
2025-02-20 21:44:33,-10.24,79,clear sky
2025-02-20 21:52:37,-10.24,79,clear sky
2025-02-20 22:32:23,-10.24,85,clear sky
2025-02-20 22:42:04,-10.24,85,clear sky
2025-02-20 22:49:53,-10.24,85,clear sky
2025-02-20 22:58:05,-10.24,85,clear sky
2025-02-20 23:29:05,-7.24,73,clear sky
2025-02-20 23:39:42,-7.24,73,clear sky
2025-02-20 23:47:55,-7.24,73,clear sky
2025-02-20 23:55:35,-7.24,73,clear sky
2025-02-21 02:53:49,-0.24,32,clear sky
2025-02-21 03:37:47,0.76,32,clear sky
2025-02-21 03:46:13,0.76,32,clear sky
2025-02-21 03:54:05,0.76,32,clear sky
2025-02-21 04:40:27,0.76,32,clear sky
2025-02-21 04:50:21,0.76,32,clear sky
2025-02-21 04:58:10,0.76,32,clear sky
2025-02-21 05:32:27,0.76,32,clear sky
2025-02-21 05:41:39,0.76,32,clear sky
2025-02-21 05:49:48,0.76,32,clear sky
2025-02-21 05:57:43,0.76,32,clear sky
2025-02-21 06:42:25,0.76,37,clear sky
2025-02-21 06:50:40,0.76,37,clear sky
2025-02-21 06:58:37,0.76,37,clear sky
2025-02-21 07:26:39,0.76,40,clear sky
2025-02-21 07:36:40,0.76,40,clear sky
2025-02-21 07:44:40,0.76,40,clear sky
2025-02-21 07:52:48,0.76,40,clear sky
2025-02-21 08:37:31,1.76,30,clear sky
2025-02-21 08:48:33,1.76,30,clear sky
2025-02-21 08:56:52,1.76,30,clear sky
2025-02-21 09:30:21,-0.24,27,clear sky
2025-02-21 09:40:44,-0.24,27,clear sky
2025-02-21 09:49:01,-0.24,27,clear sky
2025-02-21 09:56:48,-0.24,27,clear sky
2025-02-21 10:37:49,-2.24,37,clear sky
2025-02-21 10:45:40,-2.24,37,clear sky
2025-02-21 10:53:39,-2.24,37,clear sky
2025-02-21 11:25:08,-2.24,40,clear sky
2025-02-21 11:36:09,-2.24,40,clear sky
2025-02-21 11:43:52,-2.24,40,clear sky
2025-02-21 11:52:05,-2.24,40,clear sky
2025-02-21 12:00:12,-2.24,40,clear sky
2025-02-21 13:03:51,-3.24,46,clear sky
2025-02-21 13:31:56,-4.24,50,clear sky
2025-02-21 13:39:53,-4.24,50,clear sky
2025-02-21 13:48:06,-4.24,50,clear sky
2025-02-21 13:56:00,-4.24,50,clear sky
2025-02-21 14:31:54,-4.24,50,clear sky
2025-02-21 14:42:39,-4.24,50,clear sky
2025-02-21 14:50:45,-4.24,50,clear sky
2025-02-21 14:58:36,-4.24,50,clear sky
2025-02-21 15:31:16,-4.24,54,clear sky
2025-02-21 15:41:47,-4.24,54,clear sky
2025-02-21 15:49:45,-4.24,54,clear sky
2025-02-21 15:57:37,-4.24,54,clear sky
2025-02-21 16:39:40,-5.24,58,clear sky
2025-02-21 16:47:48,-5.24,58,clear sky
2025-02-21 16:56:05,-5.24,58,clear sky
2025-02-21 17:27:33,-5.24,63,clear sky
2025-02-21 17:37:52,-5.24,63,clear sky
2025-02-21 17:45:46,-5.24,63,clear sky
2025-02-21 17:53:38,-5.24,63,clear sky
2025-02-21 18:40:10,-6.24,73,clear sky
2025-02-21 18:49:38,-6.24,73,clear sky
2025-02-21 18:57:38,-6.24,73,clear sky
2025-02-21 19:21:17,-4,38,clear sky
2025-02-21 19:29:14,-7.24,73,clear sky
2025-02-21 19:38:42,-7.24,73,clear sky
2025-02-21 19:46:46,-7.24,73,clear sky
2025-02-21 19:54:48,-7.24,73,clear sky
2025-02-21 20:29:40,-8.24,86,clear sky
2025-02-21 20:41:34,-8.24,86,clear sky
2025-02-21 20:49:49,-8.24,86,clear sky
2025-02-21 20:57:40,-8.24,86,clear sky
2025-02-21 21:24:03,-4.37,41,clear sky
2025-02-21 21:35:36,-7.24,73,clear sky
2025-02-21 21:43:30,-7.24,73,clear sky
2025-02-21 21:51:32,-7.24,73,clear sky
2025-02-21 21:59:25,-7.24,73,clear sky
2025-02-21 22:33:08,-7.24,79,clear sky
2025-02-21 22:41:41,-7.24,79,clear sky
2025-02-21 22:49:49,-7.24,79,clear sky
2025-02-21 22:57:33,-7.24,79,clear sky
2025-02-21 23:27:36,-4.52,41,clear sky
2025-02-21 23:38:16,-6.24,73,clear sky
2025-02-21 23:46:10,-6.24,73,clear sky
2025-02-21 23:53:57,-6.24,73,clear sky
2025-02-22 02:38:19,-0.24,34,clear sky
2025-02-22 03:30:37,0.76,34,clear sky
2025-02-22 03:41:42,0.76,34,clear sky
2025-02-22 03:49:45,0.76,34,clear sky
2025-02-22 03:57:29,0.76,34,clear sky
2025-02-22 04:38:45,1.76,32,clear sky
2025-02-22 04:47:07,1.76,32,clear sky
2025-02-22 04:54:50,1.76,32,clear sky
2025-02-22 05:30:33,0.76,34,clear sky
2025-02-22 05:39:56,0.76,34,clear sky
2025-02-22 05:48:12,0.76,34,clear sky
2025-02-22 05:56:15,0.76,34,clear sky
2025-02-22 06:42:05,0.76,37,clear sky
2025-02-22 06:50:23,0.76,37,clear sky
2025-02-22 06:58:11,0.76,37,clear sky
2025-02-22 07:23:34,0.76,37,clear sky
2025-02-22 07:35:21,0.76,37,clear sky
2025-02-22 07:43:15,0.76,37,clear sky
2025-02-22 07:51:39,0.76,37,clear sky
2025-02-22 07:59:39,0.76,37,clear sky
2025-02-22 08:33:46,0.76,37,clear sky
2025-02-22 08:44:26,0.76,37,clear sky
2025-02-22 08:52:19,0.76,37,clear sky
2025-02-22 09:00:06,0.76,37,clear sky
2025-02-22 09:27:51,-1.24,47,clear sky
2025-02-22 09:36:48,-1.24,47,clear sky
2025-02-22 09:44:29,-1.24,47,clear sky
2025-02-22 09:52:43,-1.24,47,clear sky
2025-02-22 10:37:51,-1.24,51,clear sky
2025-02-22 10:45:24,-1.24,51,clear sky
2025-02-22 10:53:07,-1.24,51,clear sky
2025-02-22 11:19:12,-1.24,51,clear sky
2025-02-22 11:27:10,-2.24,37,clear sky
2025-02-22 11:37:12,-2.24,37,clear sky
2025-02-22 11:44:55,-2.24,37,clear sky
2025-02-22 11:52:48,-2.24,37,clear sky
2025-02-22 12:56:55,-4.24,42,clear sky
2025-02-22 13:27:59,-5.24,46,clear sky
2025-02-22 13:36:54,-5.24,46,clear sky
2025-02-22 13:44:48,-5.24,46,clear sky
2025-02-22 13:52:59,-5.24,46,clear sky
2025-02-22 14:28:35,-5.24,50,clear sky
2025-02-22 14:38:40,-5.24,50,clear sky
2025-02-22 14:46:34,-5.24,50,clear sky
2025-02-22 14:54:19,-5.24,50,clear sky
2025-02-22 15:26:26,-6.24,53,clear sky
2025-02-22 15:35:48,-6.24,53,clear sky
2025-02-22 15:43:44,-6.24,53,clear sky
2025-02-22 15:51:49,-6.24,53,clear sky
2025-02-22 15:59:54,-6.24,53,clear sky
2025-02-22 16:36:46,-6.24,58,clear sky
2025-02-22 16:44:37,-6.24,58,clear sky
2025-02-22 16:52:57,-6.24,58,clear sky
2025-02-22 17:29:33,-8.24,62,clear sky
2025-02-22 17:39:19,-8.24,62,clear sky
2025-02-22 17:47:29,-8.24,62,clear sky
2025-02-22 17:55:26,-8.24,62,clear sky
2025-02-22 18:37:32,-7.24,58,clear sky
2025-02-22 18:46:11,-7.24,58,clear sky
2025-02-22 18:54:04,-7.24,58,clear sky
2025-02-22 19:19:00,-4.19,39,clear sky
2025-02-22 19:27:11,-9.24,67,clear sky
2025-02-22 19:36:30,-9.24,67,clear sky
2025-02-22 19:44:28,-9.24,67,clear sky
2025-02-22 19:52:41,-9.24,67,clear sky
2025-02-22 20:26:46,-8.24,67,clear sky
2025-02-22 20:35:58,-8.24,67,clear sky
2025-02-22 20:43:52,-8.24,67,clear sky
2025-02-22 20:52:06,-8.24,67,clear sky
2025-02-22 21:00:09,-8.24,67,clear sky
2025-02-22 21:25:42,-8.24,67,clear sky
2025-02-22 21:36:09,-8.24,67,clear sky
2025-02-22 21:44:05,-8.24,67,clear sky
2025-02-22 21:52:10,-8.24,67,clear sky
2025-02-22 22:00:10,-8.24,67,clear sky
2025-02-22 22:31:12,-7.24,63,clear sky
2025-02-22 22:39:56,-7.24,63,clear sky
2025-02-22 22:47:51,-7.24,63,clear sky
2025-02-22 22:55:39,-7.24,63,clear sky
2025-02-22 23:24:11,-5.24,58,clear sky
2025-02-22 23:36:18,-5.24,58,clear sky
2025-02-22 23:44:15,-5.24,58,clear sky
2025-02-22 23:52:07,-5.24,58,clear sky
2025-02-23 00:00:15,-5.24,58,clear sky
2025-02-23 02:58:47,-1.24,37,clear sky
2025-02-23 03:39:06,-2.24,34,few clouds
2025-02-23 03:47:21,-2.24,34,few clouds
2025-02-23 03:55:02,-2.24,34,few clouds
2025-02-23 04:38:44,-0.24,32,few clouds
2025-02-23 04:47:09,-0.24,32,few clouds
2025-02-23 04:54:42,-0.24,32,few clouds
2025-02-23 05:30:58,-0.24,27,clear sky
2025-02-23 05:40:41,-0.24,27,clear sky
2025-02-23 05:48:45,-0.24,27,clear sky
2025-02-23 05:56:50,-0.24,27,clear sky
2025-02-23 06:38:45,-0.24,29,clear sky
2025-02-23 06:47:05,-0.24,29,clear sky
2025-02-23 06:55:07,-0.24,29,clear sky
2025-02-23 07:25:05,-0.24,34,clear sky
2025-02-23 07:36:04,-0.24,34,clear sky
2025-02-23 07:43:50,-0.24,34,clear sky
2025-02-23 07:52:05,-0.24,34,clear sky
2025-02-23 08:00:04,-0.24,34,clear sky
2025-02-23 08:35:03,-0.24,29,clear sky
2025-02-23 08:45:45,-0.24,29,clear sky
2025-02-23 08:53:30,-0.24,29,clear sky
2025-02-23 09:28:33,-2.24,34,clear sky
2025-02-23 09:41:10,-2.24,34,clear sky
2025-02-23 09:49:00,-2.24,34,clear sky
2025-02-23 09:57:04,-2.24,34,clear sky
2025-02-23 10:34:22,-3.24,36,clear sky
2025-02-23 10:42:21,-3.24,36,clear sky
2025-02-23 10:50:34,-3.24,36,clear sky
2025-02-23 10:58:24,-3.24,36,clear sky
2025-02-23 11:22:24,-4.24,42,clear sky
2025-02-23 11:30:06,-4.24,42,clear sky
2025-02-23 11:40:25,-4.24,42,clear sky
2025-02-23 11:48:31,-4.24,42,clear sky
2025-02-23 11:56:37,-4.24,42,clear sky
2025-02-23 12:59:08,-5.24,50,clear sky
2025-02-23 13:29:01,-5.24,50,clear sky
2025-02-23 13:38:10,-5.24,50,clear sky
2025-02-23 13:46:00,-5.24,50,clear sky
2025-02-23 13:54:08,-5.24,50,clear sky
2025-02-23 14:29:51,-6.24,53,clear sky
2025-02-23 14:41:29,-6.24,53,clear sky
2025-02-23 14:49:35,-6.24,53,clear sky
2025-02-23 14:57:17,-6.24,53,clear sky
2025-02-23 15:26:55,-6.24,53,clear sky
2025-02-23 15:39:58,-6.24,53,clear sky
2025-02-23 15:48:03,-6.24,53,clear sky
2025-02-23 15:56:06,-6.24,53,clear sky
2025-02-23 16:35:13,-6.24,58,clear sky
2025-02-23 16:43:38,-6.24,58,clear sky
2025-02-23 16:51:49,-6.24,58,clear sky
2025-02-23 16:59:37,-6.24,58,clear sky
2025-02-23 17:28:29,-8.24,62,clear sky
2025-02-23 17:40:49,-8.24,62,clear sky
2025-02-23 17:48:57,-8.24,62,clear sky
2025-02-23 17:56:46,-8.24,62,clear sky
2025-02-23 18:37:38,-8.24,67,clear sky
2025-02-23 18:45:29,-8.24,67,clear sky
2025-02-23 18:53:44,-8.24,67,clear sky
2025-02-23 19:18:27,-4,41,clear sky
2025-02-23 19:26:22,-4,41,clear sky
2025-02-23 19:37:21,-10.24,79,clear sky
2025-02-23 19:45:27,-10.24,79,clear sky
2025-02-23 19:53:15,-10.24,79,clear sky
2025-02-23 20:27:53,-10.24,73,clear sky
2025-02-23 20:40:43,-10.24,73,clear sky
2025-02-23 20:48:54,-10.24,73,clear sky
2025-02-23 20:56:44,-10.24,73,clear sky
2025-02-23 21:25:26,-9.24,73,clear sky
2025-02-23 21:35:16,-9.24,73,clear sky
2025-02-23 21:43:22,-9.24,73,clear sky
2025-02-23 21:51:31,-9.24,73,clear sky
2025-02-23 21:59:22,-9.24,73,clear sky
2025-02-23 22:31:47,-10.24,79,clear sky
2025-02-23 22:40:20,-10.24,79,clear sky
2025-02-23 22:48:30,-10.24,79,clear sky
2025-02-23 22:56:30,-10.24,79,clear sky
2025-02-23 23:25:04,-7.24,68,clear sky
2025-02-23 23:36:41,-7.24,68,clear sky
2025-02-23 23:44:57,-7.24,68,clear sky
2025-02-23 23:53:04,-7.24,68,clear sky
2025-02-24 02:58:50,0.76,32,clear sky
2025-02-24 03:42:07,1.76,30,clear sky
2025-02-24 03:51:25,1.76,30,clear sky
2025-02-24 03:59:08,1.76,30,clear sky
2025-02-24 04:37:51,2.76,30,clear sky
2025-02-24 04:45:53,2.76,30,clear sky
2025-02-24 04:53:43,2.76,30,clear sky
2025-02-24 05:32:23,3.76,33,clear sky
2025-02-24 05:42:11,3.76,33,clear sky
2025-02-24 05:49:59,3.76,33,clear sky
2025-02-24 05:57:48,3.76,33,clear sky
2025-02-24 06:45:30,3.76,33,clear sky
2025-02-24 06:53:25,3.76,33,clear sky
2025-02-24 07:26:17,2.2,24,clear sky
2025-02-24 07:36:40,3.76,30,clear sky
2025-02-24 07:44:34,3.76,30,clear sky
2025-02-24 07:52:27,3.76,30,clear sky
2025-02-24 08:51:24,3.76,30,clear sky
2025-02-24 08:59:29,3.76,30,clear sky
2025-02-24 09:32:28,1.76,35,clear sky
2025-02-24 09:42:31,1.76,35,clear sky
2025-02-24 09:50:19,1.76,35,clear sky
2025-02-24 09:58:25,1.76,35,clear sky
2025-02-24 10:39:45,0.76,40,clear sky
2025-02-24 10:47:47,0.76,40,clear sky
2025-02-24 10:55:56,0.76,40,clear sky
2025-02-24 11:23:48,0.76,60,clear sky
2025-02-24 11:36:29,0.76,60,clear sky
2025-02-24 11:44:27,0.76,60,clear sky
2025-02-24 11:52:11,0.76,60,clear sky
2025-02-24 11:59:57,0.76,60,clear sky
2025-02-24 13:14:50,-0.09,41,clear sky
2025-02-24 13:41:32,-0.24,69,clear sky
2025-02-24 13:49:44,-0.24,69,clear sky
2025-02-24 13:57:32,-0.24,69,clear sky
2025-02-24 14:37:43,-2.24,86,clear sky
2025-02-24 14:45:51,-2.24,86,clear sky
2025-02-24 14:53:59,-2.24,86,clear sky
2025-02-24 15:33:23,-5.24,93,clear sky
2025-02-24 15:44:57,-5.24,93,clear sky
2025-02-24 15:52:55,-5.24,93,clear sky
2025-02-24 16:43:51,-6.24,100,clear sky
2025-02-24 16:54:31,-6.24,100,clear sky
2025-02-24 17:29:00,-5.24,100,clear sky
2025-02-24 17:40:15,-5.24,100,clear sky
2025-02-24 17:48:02,-5.24,100,clear sky
2025-02-24 17:55:57,-5.24,100,clear sky
2025-02-24 18:43:27,-7.24,93,clear sky
2025-02-24 18:51:45,-7.24,93,clear sky
2025-02-24 18:59:26,-7.24,93,clear sky
2025-02-24 19:22:53,-6.24,93,clear sky
2025-02-24 19:30:58,-6.24,93,clear sky
2025-02-24 19:39:24,-6.24,93,clear sky
2025-02-24 19:47:30,-6.24,93,clear sky
2025-02-24 19:55:25,-6.24,93,clear sky
2025-02-24 20:31:32,-7.24,100,clear sky
2025-02-24 20:42:35,-7.24,100,clear sky
2025-02-24 20:50:49,-7.24,100,clear sky
2025-02-24 20:58:41,-7.24,100,clear sky
2025-02-24 21:26:54,-7.24,100,clear sky
2025-02-24 21:38:46,-7.24,100,clear sky
2025-02-24 21:46:49,-7.24,100,clear sky
2025-02-24 21:54:36,-7.24,100,clear sky
2025-02-24 22:33:03,-6.24,100,clear sky
2025-02-24 22:42:27,-6.24,100,clear sky
2025-02-24 22:50:31,-6.24,100,clear sky
2025-02-24 22:58:28,-6.24,100,clear sky
2025-02-24 23:27:45,-0.53,66,scattered clouds
2025-02-24 23:38:37,-3.24,93,clear sky
2025-02-24 23:46:44,-3.24,93,clear sky
2025-02-24 23:54:26,-3.24,93,clear sky
2025-02-25 02:57:43,3.76,60,broken clouds
2025-02-25 03:41:07,5.76,52,broken clouds
2025-02-25 03:49:55,5.76,52,broken clouds
2025-02-25 03:57:37,5.76,52,broken clouds
2025-02-25 04:37:46,4.76,56,broken clouds
2025-02-25 04:46:09,4.76,56,broken clouds
2025-02-25 04:54:04,4.76,56,broken clouds
2025-02-25 05:32:49,4.76,60,broken clouds
2025-02-25 05:42:15,4.76,60,broken clouds
2025-02-25 05:50:31,4.76,60,broken clouds
2025-02-25 05:58:20,4.76,60,broken clouds
2025-02-25 06:44:13,4.76,65,broken clouds
2025-02-25 06:52:14,4.76,65,broken clouds
2025-02-25 07:00:14,4.76,65,broken clouds
2025-02-25 07:28:00,5.76,61,broken clouds
2025-02-25 07:37:51,5.76,61,broken clouds
2025-02-25 07:45:48,5.76,61,broken clouds
2025-02-25 07:53:53,5.76,61,broken clouds
2025-02-25 08:38:59,4.76,65,broken clouds
2025-02-25 08:51:08,4.76,65,broken clouds
2025-02-25 08:58:54,4.76,65,broken clouds
2025-02-25 09:32:01,4.76,70,broken clouds
2025-02-25 09:42:22,4.76,70,broken clouds
2025-02-25 09:50:17,4.76,70,broken clouds
2025-02-25 09:58:23,4.76,70,broken clouds
2025-02-25 10:39:34,3.76,75,broken clouds
2025-02-25 10:47:43,3.76,75,broken clouds
2025-02-25 10:55:50,3.76,75,broken clouds
2025-02-25 11:25:00,3.76,75,broken clouds
2025-02-25 11:36:42,3.76,75,broken clouds
2025-02-25 11:44:49,3.76,75,broken clouds
2025-02-25 11:53:11,3.76,75,broken clouds
2025-02-25 13:04:26,3.76,81,scattered clouds
2025-02-25 13:38:53,1.76,93,scattered clouds
2025-02-25 13:46:58,1.76,93,scattered clouds
2025-02-25 13:54:57,1.76,93,scattered clouds
2025-02-25 14:37:52,1.76,93,scattered clouds
2025-02-25 14:45:48,1.76,93,scattered clouds
2025-02-25 14:53:55,1.76,93,scattered clouds
2025-02-25 15:33:02,2.76,93,scattered clouds
2025-02-25 15:44:41,2.76,93,scattered clouds
2025-02-25 15:52:52,2.76,93,scattered clouds
2025-02-25 16:43:01,2.76,93,mist
2025-02-25 16:53:53,2.76,93,mist
2025-02-25 17:36:12,2.76,100,mist
2025-02-25 17:43:55,2.76,100,mist
2025-02-25 17:52:07,2.76,100,mist
2025-02-25 17:59:51,2.76,100,mist
2025-02-25 18:45:18,2.76,100,mist
2025-02-25 18:53:10,2.76,100,mist
2025-02-25 19:21:39,1.76,100,mist
2025-02-25 19:29:31,1.76,100,mist
2025-02-25 19:39:08,1.76,100,mist
2025-02-25 19:47:29,1.76,100,mist
2025-02-25 19:55:21,1.76,100,mist
2025-02-25 20:31:50,-0.24,100,mist
2025-02-25 20:42:46,-0.24,100,mist
2025-02-25 20:51:02,-0.24,100,mist
2025-02-25 20:58:59,-0.24,100,mist
2025-02-25 21:27:43,-1.24,93,fog
2025-02-25 21:41:05,-1.24,93,fog
2025-02-25 21:49:04,-1.24,93,fog
2025-02-25 21:56:50,-1.24,93,fog
2025-02-25 22:34:25,-4.24,100,fog
2025-02-25 22:42:54,-4.24,100,fog
2025-02-25 22:50:55,-4.24,100,fog
2025-02-25 22:58:58,-4.24,100,fog
2025-02-25 23:27:27,-2.24,93,fog
2025-02-25 23:38:43,-2.24,93,fog
2025-02-25 23:46:56,-2.24,93,fog
2025-02-25 23:54:44,-2.24,93,fog
2025-02-26 02:56:23,4.76,45,haze
2025-02-26 03:43:16,6.76,26,clear sky
2025-02-26 03:51:45,6.76,26,clear sky
2025-02-26 03:59:27,6.76,26,clear sky
2025-02-26 04:42:01,7.76,17,clear sky
2025-02-26 04:51:16,7.76,17,clear sky
2025-02-26 04:58:55,7.76,17,clear sky
2025-02-26 05:33:55,7.76,21,clear sky
2025-02-26 05:42:39,7.76,21,clear sky
2025-02-26 05:50:43,7.76,21,clear sky
2025-02-26 05:58:31,7.76,21,clear sky
2025-02-26 06:44:36,7.76,19,clear sky
2025-02-26 06:52:20,7.76,19,clear sky
2025-02-26 07:00:27,7.76,19,clear sky
2025-02-26 07:27:38,7.76,18,clear sky
2025-02-26 07:38:59,7.76,18,clear sky
2025-02-26 07:47:04,7.76,18,clear sky
2025-02-26 07:54:50,7.76,18,clear sky
2025-02-26 08:39:53,6.76,19,clear sky
2025-02-26 08:51:45,6.76,19,clear sky
2025-02-26 08:59:26,6.76,19,clear sky
2025-02-26 09:32:14,4.76,22,clear sky
2025-02-26 09:42:23,4.76,22,clear sky
2025-02-26 09:50:25,4.76,22,clear sky
2025-02-26 09:58:11,4.76,22,clear sky
2025-02-26 10:39:27,2.76,23,clear sky
2025-02-26 10:47:32,2.76,23,clear sky
2025-02-26 10:55:45,2.76,23,clear sky
2025-02-26 11:24:57,1.76,27,clear sky
2025-02-26 11:36:13,1.76,27,clear sky
2025-02-26 11:44:08,1.76,27,clear sky
2025-02-26 11:52:22,1.76,27,clear sky
2025-02-26 12:00:15,1.76,27,clear sky
2025-02-26 13:14:25,0.76,37,clear sky
2025-02-26 13:40:49,-0.24,40,clear sky
2025-02-26 13:48:44,-0.24,40,clear sky
2025-02-26 13:56:46,-0.24,40,clear sky
2025-02-26 14:37:30,-1.24,51,clear sky
2025-02-26 14:46:34,-1.24,51,clear sky
2025-02-26 14:54:30,-1.24,51,clear sky
2025-02-26 15:35:30,-4.24,68,clear sky
2025-02-26 15:46:07,-4.24,68,clear sky
2025-02-26 15:54:17,-4.24,68,clear sky
2025-02-26 16:43:13,-4.24,74,clear sky
2025-02-26 16:53:51,-4.24,74,clear sky
2025-02-26 17:31:02,-5.24,63,clear sky
2025-02-26 17:41:16,-5.24,63,clear sky
2025-02-26 17:49:06,-5.24,63,clear sky
2025-02-26 17:56:58,-5.24,63,clear sky
2025-02-26 18:43:46,0.05,55,clear sky
2025-02-26 18:51:58,0.05,55,clear sky
2025-02-26 18:59:47,0.15,57,clear sky
2025-02-26 19:22:37,0.15,57,clear sky
2025-02-26 19:30:44,0.15,57,clear sky
2025-02-26 19:39:33,0.07,56,clear sky
2025-02-26 19:47:54,0.07,56,clear sky
2025-02-26 19:55:34,0.07,56,clear sky
2025-02-26 20:31:38,-6.24,73,clear sky
2025-02-26 20:42:45,-6.24,73,clear sky
2025-02-26 20:50:41,-6.24,73,clear sky
2025-02-26 20:58:49,-6.24,73,clear sky
2025-02-26 21:28:13,-6.24,79,clear sky
2025-02-26 21:38:58,-6.24,79,clear sky
2025-02-26 21:46:54,-6.24,79,clear sky
2025-02-26 21:54:43,-6.24,79,clear sky
2025-02-26 22:33:50,-6.24,86,clear sky
2025-02-26 22:43:10,-6.24,86,clear sky
2025-02-26 22:51:19,-6.24,86,clear sky
2025-02-26 22:59:09,-6.24,86,clear sky
2025-02-26 23:31:13,-4.24,80,clear sky
2025-02-26 23:41:25,-4.24,80,clear sky
2025-02-26 23:49:08,-4.24,80,clear sky
2025-02-26 23:57:06,-4.24,80,clear sky
2025-02-27 02:58:14,8.76,25,clear sky
2025-02-27 03:43:01,9.76,16,clear sky
2025-02-27 03:51:43,9.76,16,clear sky
2025-02-27 03:59:54,9.76,16,clear sky
2025-02-27 04:39:37,11.76,13,clear sky
2025-02-27 04:48:56,11.76,13,clear sky
2025-02-27 04:56:46,11.76,13,clear sky
2025-02-27 05:35:39,12.76,11,clear sky
2025-02-27 05:44:10,12.76,11,clear sky
2025-02-27 05:52:11,12.76,11,clear sky
2025-02-27 05:59:53,12.76,11,clear sky
2025-02-27 06:45:48,12.76,11,few clouds
2025-02-27 06:53:38,12.76,11,few clouds
2025-02-27 07:26:29,12.76,13,clear sky
2025-02-27 07:37:11,12.76,13,clear sky
2025-02-27 07:45:11,12.76,13,clear sky
2025-02-27 07:53:32,12.76,13,clear sky
2025-02-27 08:39:07,11.76,16,clear sky
2025-02-27 08:51:34,11.76,16,clear sky
2025-02-27 08:59:12,11.76,16,clear sky
2025-02-27 09:32:07,10.76,19,clear sky
2025-02-27 09:42:28,10.76,19,clear sky
2025-02-27 09:50:35,10.76,19,clear sky
2025-02-27 09:58:37,10.76,19,clear sky
2025-02-27 10:39:29,6.76,31,clear sky
2025-02-27 10:47:35,6.76,31,clear sky
2025-02-27 10:55:39,6.76,31,clear sky
2025-02-27 11:23:59,7.3,17,broken clouds
2025-02-27 11:36:53,2.76,41,clear sky
2025-02-27 11:44:52,2.76,41,clear sky
2025-02-27 11:52:35,2.76,41,clear sky
2025-02-27 13:04:47,2.76,41,clear sky
2025-02-27 13:39:39,-0.24,51,clear sky
2025-02-27 13:47:30,-0.24,51,clear sky
2025-02-27 13:55:30,-0.24,51,clear sky
2025-02-27 14:37:13,-0.24,59,clear sky
2025-02-27 14:45:57,-0.24,59,clear sky
2025-02-27 14:53:50,-0.24,59,clear sky
2025-02-27 15:33:09,0.76,60,broken clouds
2025-02-27 15:42:19,0.76,60,broken clouds
2025-02-27 15:50:04,0.76,60,broken clouds
2025-02-27 15:58:11,0.76,60,broken clouds
2025-02-27 16:45:22,-0.24,69,broken clouds
2025-02-27 16:53:48,-0.24,69,broken clouds
2025-02-27 17:31:47,0.76,75,broken clouds
2025-02-27 17:41:36,0.76,75,broken clouds
2025-02-27 17:49:34,0.76,75,broken clouds
2025-02-27 17:57:20,0.76,75,broken clouds
2025-02-27 18:44:31,0.76,64,broken clouds
2025-02-27 18:52:33,0.76,64,broken clouds
2025-02-27 19:21:14,4,35,broken clouds
2025-02-27 19:29:02,-0.24,64,scattered clouds
2025-02-27 19:39:16,-0.24,64,scattered clouds
2025-02-27 19:47:37,-0.24,64,scattered clouds
2025-02-27 19:55:15,-0.24,64,scattered clouds
2025-02-27 20:31:43,-0.24,69,broken clouds
2025-02-27 20:42:55,-0.24,69,broken clouds
2025-02-27 20:51:04,-0.24,69,broken clouds
2025-02-27 20:58:58,-0.24,69,broken clouds
2025-02-27 21:28:17,-0.24,80,broken clouds
2025-02-27 21:39:27,-0.24,80,broken clouds
2025-02-27 21:47:42,-0.24,80,broken clouds
2025-02-27 21:55:28,-0.24,80,broken clouds
2025-02-27 22:36:22,1.76,64,broken clouds
2025-02-27 22:44:00,1.76,64,broken clouds
2025-02-27 22:51:52,1.76,64,broken clouds
2025-02-27 22:59:33,1.76,64,broken clouds
2025-02-27 23:28:43,1.76,75,broken clouds
2025-02-27 23:39:29,1.76,75,broken clouds
2025-02-27 23:47:31,1.76,75,broken clouds
2025-02-27 23:55:25,1.76,75,broken clouds
2025-02-28 02:58:31,9.76,40,broken clouds
2025-02-28 03:42:36,10.76,58,broken clouds
2025-02-28 03:51:01,10.76,58,broken clouds
2025-02-28 03:58:49,10.76,58,broken clouds
2025-02-28 04:39:10,10.76,62,broken clouds
2025-02-28 04:48:23,10.76,62,broken clouds
2025-02-28 04:56:20,10.76,62,broken clouds
2025-02-28 05:36:01,10.76,62,broken clouds
2025-02-28 05:44:26,10.76,62,broken clouds
2025-02-28 05:52:32,10.76,62,broken clouds
2025-02-28 06:42:07,11.76,58,broken clouds
2025-02-28 06:51:27,11.76,58,broken clouds
2025-02-28 06:59:10,11.76,58,broken clouds
2025-02-28 07:27:43,11.76,58,broken clouds
2025-02-28 07:37:41,11.76,58,broken clouds
2025-02-28 07:45:45,11.76,58,broken clouds
2025-02-28 07:53:39,11.76,58,broken clouds
2025-02-28 08:38:22,10.76,66,scattered clouds
2025-02-28 08:50:18,10.76,66,scattered clouds
2025-02-28 08:58:09,10.76,66,scattered clouds
2025-02-28 09:31:47,9.76,71,clear sky
2025-02-28 09:41:30,9.76,71,clear sky
2025-02-28 09:49:27,9.76,71,clear sky
2025-02-28 09:57:10,9.76,71,clear sky
2025-02-28 10:38:22,4.76,87,clear sky
2025-02-28 10:46:20,4.76,87,clear sky
2025-02-28 10:54:16,4.76,87,clear sky
2025-02-28 11:23:11,4.76,100,clear sky
2025-02-28 11:36:28,4.76,100,clear sky
2025-02-28 11:44:33,4.76,100,clear sky
2025-02-28 11:52:41,4.76,100,clear sky
2025-02-28 13:03:19,3.76,100,clear sky
2025-02-28 13:36:47,3.76,100,mist
2025-02-28 13:44:41,3.76,100,mist
2025-02-28 13:52:38,3.76,100,mist
2025-02-28 14:34:16,0.76,100,mist
2025-02-28 14:44:14,0.76,100,mist
2025-02-28 14:52:06,0.76,100,mist
2025-02-28 14:59:53,0.76,100,mist
2025-02-28 15:33:06,0.76,100,fog
2025-02-28 15:43:05,0.76,100,fog
2025-02-28 15:50:54,0.76,100,fog
2025-02-28 15:58:44,0.76,100,fog
2025-02-28 16:42:56,-1.24,100,fog
2025-02-28 16:50:44,-1.24,100,fog
2025-02-28 16:58:48,-0.24,93,fog
2025-02-28 17:30:57,-0.24,100,fog
2025-02-28 17:40:40,-0.24,100,fog
2025-02-28 17:48:23,-0.24,100,fog
2025-02-28 17:56:10,-0.24,100,fog
2025-02-28 18:43:18,-1.24,100,fog
2025-02-28 18:51:26,-1.24,100,fog
2025-02-28 18:59:13,-1.24,100,fog
2025-02-28 19:24:31,-0.24,100,fog
2025-02-28 19:36:08,-0.24,100,fog
2025-02-28 19:43:59,-0.24,100,fog
2025-02-28 19:52:00,-0.24,100,fog
2025-02-28 19:59:57,-0.24,100,fog
2025-02-28 20:32:35,-0.24,100,fog
2025-02-28 20:43:55,-0.24,100,fog
2025-02-28 20:52:06,-0.24,100,fog
2025-02-28 20:59:56,-0.24,100,fog
2025-02-28 21:27:43,-1.24,100,fog
2025-02-28 21:38:19,-1.24,100,fog
2025-02-28 21:46:22,-1.24,100,fog
2025-02-28 21:54:30,-1.24,100,fog
2025-02-28 22:33:26,-1.24,100,fog
2025-02-28 22:42:42,-1.24,100,fog
2025-02-28 22:50:27,-0.24,100,fog
2025-02-28 22:58:21,-0.24,93,fog
2025-02-28 23:27:23,-0.24,100,fog
2025-02-28 23:38:08,-0.24,100,fog
2025-02-28 23:46:01,-0.24,100,fog
2025-02-28 23:54:08,-0.24,100,fog
2025-03-01 03:04:15,8.76,71,mist
2025-03-01 03:47:42,13.76,44,haze
2025-03-01 03:55:50,13.76,44,haze
2025-03-01 04:35:47,12.76,47,haze
2025-03-01 04:44:54,12.76,47,haze
2025-03-01 04:52:45,12.76,47,haze
2025-03-01 05:30:57,11.76,54,light rain
2025-03-01 05:41:10,11.76,54,light rain
2025-03-01 05:49:14,11.76,54,moderate rain
2025-03-01 05:57:18,11.76,54,moderate rain
2025-03-01 06:41:58,10.76,82,moderate rain
2025-03-01 06:50:15,10.76,82,moderate rain
2025-03-01 06:58:25,10.76,82,broken clouds
2025-03-01 07:25:55,8.86,49,overcast clouds
2025-03-01 07:36:13,11.76,66,haze
2025-03-01 07:43:56,11.76,66,haze
2025-03-01 07:51:40,11.76,66,haze
2025-03-01 07:59:25,11.76,66,haze
2025-03-01 08:37:35,11.76,62,haze
2025-03-01 08:47:42,11.76,62,haze
2025-03-01 08:55:54,11.76,62,haze
2025-03-01 09:28:14,10.76,71,overcast clouds
2025-03-01 09:39:16,10.76,71,haze
2025-03-01 09:46:56,10.76,71,haze
2025-03-01 09:54:52,10.76,71,haze
2025-03-01 10:33:05,9.76,76,broken clouds
2025-03-01 10:42:10,9.76,76,broken clouds
2025-03-01 10:50:06,9.76,76,broken clouds
2025-03-01 10:57:49,9.76,76,broken clouds
2025-03-01 11:21:33,7.76,81,overcast clouds
2025-03-01 11:29:38,7.76,81,overcast clouds
2025-03-01 11:40:02,7.76,81,broken clouds
2025-03-01 11:48:02,7.76,81,broken clouds
2025-03-01 11:55:50,7.76,81,broken clouds
2025-03-01 12:59:19,5.76,100,mist
2025-03-01 13:30:35,6.76,93,mist
2025-03-01 13:38:58,6.76,93,mist
2025-03-01 13:47:05,6.76,93,mist
2025-03-01 13:54:50,6.76,93,mist
2025-03-01 14:31:16,6.76,87,mist
2025-03-01 14:40:37,6.76,87,mist
2025-03-01 14:48:31,6.76,87,mist
2025-03-01 14:56:34,6.76,87,mist
2025-03-01 15:30:29,3.76,100,mist
2025-03-01 15:40:51,3.76,100,mist
2025-03-01 15:48:49,3.76,100,mist
2025-03-01 15:56:49,3.76,100,mist
2025-03-01 16:37:25,3.76,100,mist
2025-03-01 16:45:14,3.76,100,mist
2025-03-01 16:53:04,3.76,100,mist
2025-03-01 17:27:11,3.76,100,mist
2025-03-01 17:36:20,3.76,100,mist
2025-03-01 17:44:14,3.76,100,mist
2025-03-01 17:52:15,3.76,100,mist
2025-03-01 18:00:09,3.76,100,mist
2025-03-01 18:38:51,3.76,100,mist
2025-03-01 18:47:03,3.76,100,mist
2025-03-01 18:54:44,3.76,100,mist
2025-03-01 19:19:09,4.76,100,mist
2025-03-01 19:26:56,4.76,100,mist
2025-03-01 19:37:00,4.76,100,mist
2025-03-01 19:44:57,4.76,100,mist
2025-03-01 19:52:40,4.76,100,mist
2025-03-01 20:27:33,5.76,93,mist
2025-03-01 20:40:22,5.76,93,mist
2025-03-01 20:48:48,5.76,93,mist
2025-03-01 20:56:34,5.76,93,mist
2025-03-01 21:27:55,4.76,100,mist
2025-03-01 21:36:29,4.76,100,mist
2025-03-01 21:44:14,4.76,100,mist
2025-03-01 21:52:00,4.76,100,mist
2025-03-01 21:59:51,4.76,100,mist
2025-03-01 22:32:16,4.76,100,mist
2025-03-01 22:41:23,4.76,100,mist
2025-03-01 22:49:33,4.76,100,mist
2025-03-01 22:57:35,4.76,100,mist
2025-03-01 23:27:40,7.21,50,overcast clouds
2025-03-01 23:38:19,5.76,87,mist
2025-03-01 23:46:24,5.76,87,mist
2025-03-01 23:54:27,5.76,87,mist
2025-03-02 03:01:15,10.76,62,broken clouds
2025-03-02 03:43:29,12.76,54,broken clouds
2025-03-02 03:51:22,12.76,54,broken clouds
2025-03-02 03:59:16,12.76,54,broken clouds
2025-03-02 04:36:04,14.76,41,clear sky
2025-03-02 04:44:56,14.76,41,clear sky
2025-03-02 04:52:43,14.76,41,clear sky
2025-03-02 05:32:44,8.99,45,overcast clouds
2025-03-02 05:42:01,13.76,41,clear sky
2025-03-02 05:50:06,13.76,41,clear sky
2025-03-02 05:58:10,13.76,41,clear sky
2025-03-02 06:40:57,13.76,35,moderate rain
2025-03-02 06:49:24,13.76,35,moderate rain
2025-03-02 06:57:20,13.76,35,moderate rain
2025-03-02 07:24:37,8.09,64,heavy intensity rain
2025-03-02 07:36:21,10.76,62,moderate rain
2025-03-02 07:44:25,10.76,62,moderate rain
2025-03-02 07:52:16,10.76,62,moderate rain
2025-03-02 07:59:57,10.76,62,moderate rain
2025-03-02 08:35:41,7.76,93,moderate rain
2025-03-02 08:45:14,7.76,93,moderate rain
2025-03-02 08:53:18,7.76,93,moderate rain
2025-03-02 09:29:00,6.76,100,moderate rain
2025-03-02 09:41:09,6.76,100,moderate rain
2025-03-02 09:48:52,6.76,100,moderate rain
2025-03-02 09:56:46,6.76,100,moderate rain
2025-03-02 10:34:17,5.76,93,moderate rain
2025-03-02 10:42:28,5.76,93,moderate rain
2025-03-02 10:50:32,5.76,93,moderate rain
2025-03-02 10:58:22,5.76,93,moderate rain
2025-03-02 11:22:03,4.3,82,moderate rain
2025-03-02 11:29:53,4.76,93,moderate rain
2025-03-02 11:38:48,4.76,93,light rain
2025-03-02 11:46:42,4.76,93,light rain
2025-03-02 11:54:32,4.76,93,moderate rain
2025-03-02 12:58:07,4.76,87,light rain
2025-03-02 13:30:09,2.88,80,moderate rain
2025-03-02 13:38:07,3.76,93,moderate rain
2025-03-02 13:46:00,3.76,93,light rain
2025-03-02 13:54:10,3.76,93,light rain
2025-03-02 14:30:26,2.76,93,moderate rain
2025-03-02 14:40:27,2.76,93,moderate rain
2025-03-02 14:48:30,2.76,93,moderate rain
2025-03-02 14:56:28,2.76,93,moderate rain
2025-03-02 15:28:35,2.76,93,moderate rain
2025-03-02 15:40:07,2.76,93,moderate rain
2025-03-02 15:47:55,2.76,93,moderate rain
2025-03-02 15:55:47,2.76,93,moderate rain
2025-03-02 16:37:36,2.76,93,moderate rain
2025-03-02 16:45:45,2.76,93,moderate rain
2025-03-02 16:53:48,2.76,93,moderate rain
2025-03-02 17:26:33,0.46,100,snow
2025-03-02 17:37:27,2.76,93,moderate rain
2025-03-02 17:45:18,2.76,93,moderate rain
2025-03-02 17:53:04,2.76,93,moderate rain
2025-03-02 18:40:36,1.76,100,light rain
2025-03-02 18:49:42,1.76,100,moderate rain
2025-03-02 18:57:28,1.76,100,light rain
2025-03-02 19:19:38,0.25,98,snow
2025-03-02 19:27:23,0.25,98,snow
2025-03-02 19:37:05,1.76,100,moderate rain
2025-03-02 19:44:54,1.76,100,moderate rain
2025-03-02 19:52:42,1.76,100,light rain
2025-03-02 20:27:48,0.76,100,light rain
2025-03-02 20:41:19,0.76,100,moderate rain
2025-03-02 20:49:09,0.76,100,moderate rain
2025-03-02 20:57:02,0.76,100,light rain
2025-03-02 21:25:48,0.76,100,snow
2025-03-02 21:35:33,0.76,100,snow
2025-03-02 21:43:16,0.76,100,snow
2025-03-02 21:51:29,0.76,100,snow
2025-03-02 21:59:24,0.76,100,snow
2025-03-02 22:32:39,0.76,100,light snow
2025-03-02 22:41:23,0.76,100,snow
2025-03-02 22:48:57,0.76,100,overcast clouds
2025-03-02 22:56:49,0.76,100,overcast clouds
2025-03-02 23:26:15,1.76,93,broken clouds
2025-03-02 23:37:15,1.76,93,mist
2025-03-02 23:45:12,1.76,93,mist
2025-03-02 23:53:31,1.76,93,mist
2025-03-03 03:00:38,4.76,65,clear sky
2025-03-03 03:45:50,5.76,56,clear sky
2025-03-03 03:54:30,5.76,56,clear sky
2025-03-03 04:39:11,6.76,57,clear sky
2025-03-03 04:49:53,6.76,57,clear sky
2025-03-03 04:57:35,6.76,57,clear sky
2025-03-03 05:35:59,6.76,57,clear sky
2025-03-03 05:44:01,6.76,57,clear sky
2025-03-03 05:51:52,6.76,57,clear sky
2025-03-03 05:59:40,6.76,57,clear sky
2025-03-03 06:47:32,5.76,52,clear sky
2025-03-03 06:55:30,5.76,52,clear sky
2025-03-03 07:28:16,4.76,52,clear sky
2025-03-03 07:39:14,4.76,52,clear sky
2025-03-03 07:46:58,4.76,52,clear sky
2025-03-03 07:54:49,4.76,52,clear sky
2025-03-03 08:39:26,4.76,52,clear sky
2025-03-03 08:51:15,4.76,52,clear sky
2025-03-03 08:58:57,4.76,52,clear sky
2025-03-03 09:36:04,3.76,52,clear sky
2025-03-03 09:44:16,3.76,52,clear sky
2025-03-03 09:52:01,3.76,52,clear sky
2025-03-03 09:59:45,3.76,52,clear sky
2025-03-03 10:41:03,2.76,56,clear sky
2025-03-03 10:49:19,2.76,56,clear sky
2025-03-03 10:57:08,2.76,56,clear sky
2025-03-03 11:25:52,1.76,55,clear sky
